{
    "model_name": "Decision Tree",
    "AUC-ROC": 0.7821456943120432,
    "precision": 0.5319926873857403,
    "recall": 0.8083333333333333
}