{
    "model_name": "Random Forest",
    "AUC-ROC": 0.8093872471136532,
    "precision": 0.6785714285714286,
    "recall": 0.7388888888888889
}