{
    "model_name": "LightGBM",
    "AUC-ROC": 0.8748702467958903,
    "precision": 0.7350835322195705,
    "recall": 0.8555555555555555
}