{
    "model_name": "LightGBM",
    "AUC-ROC": 0.8766068089248662,
    "precision": 0.76,
    "recall": 0.8522427440633246
}